Program,Name,Title,Profile_URL,Image_Path
Interaction Design,Anton Repponen,Co-Founder of Anton & Irene,https://harbour.space/faculty/anton-repponen,image_folder/anton-repponen.png
Interaction Design,Claudio Guglieri,Design Director at Microsoft Groove and Movies & TV Microsoft; Creative Director at Guglieri.com,https://harbour.space/faculty/claudio-guglieri,image_folder/claudio-guglieri.png
Interaction Design,Pancho Tolchinsky,Cognitive Science Missionary,https://harbour.space/faculty/pancho-tolchinsky,image_folder/pancho-tolchinsky.png
Interaction Design,Ben Hughes,Executive Creative Director @ Stink Studios,https://harbour.space/faculty/ben-hughes,image_folder/ben-hughes.png
Interaction Design,Hector Ayuso,"Founder, OFFF",https://harbour.space/faculty/hector-ayuso,image_folder/hector-ayuso.png
Interaction Design,Edu Wass,Co-founder and CTO of ContainerStudio,https://harbour.space/faculty/edu-wass,image_folder/edu-wass.png
Interaction Design,John Pett,Founder and Creative Director of Container Studio,https://harbour.space/faculty/john-pett,image_folder/john-pett.png
Interaction Design,Ron Wilde,User Experience Designer / Founder at Gap'cork llc,https://harbour.space/faculty/ron-wilde,image_folder/ron-wilde.png
Interaction Design,Miki Aso,"Co-Founder, CSO at Friends",https://harbour.space/faculty/miki-aso,image_folder/miki-aso.png
Interaction Design,David Mikula,Founder & CEO at Friends,https://harbour.space/faculty/david-mikula,image_folder/david-mikula.png
Interaction Design,Munish Dabas,Senior UX Engineer at Google,https://harbour.space/faculty/munish-dabas,image_folder/munish-dabas.png
Interaction Design,Rachel Inman,Interaction Designer at Google,https://harbour.space/faculty/rachel-inman,image_folder/rachel-inman.png
Interaction Design,Nathalie Koutia,"Communications Director and Social Media Manager, OFFF",https://harbour.space/faculty/nathalie-koutia,image_folder/nathalie-koutia.png
Interaction Design,Riccardo Giraldi,"Principal Creative Director, Microsoft",https://harbour.space/faculty/riccardo-giraldi,image_folder/riccardo-giraldi.png
Interaction Design,Tiziana Alocci,"founder and creative director at NECESSITY.INK,",https://harbour.space/faculty/tiziana-alocci,image_folder/tiziana-alocci.png
Interaction Design,Felipe Mahalem,"Associate Creative Director, Motion Graphics at R/GA",https://harbour.space/faculty/Felipe-Mahalem,image_folder/Felipe-Mahalem.png
Interaction Design,Daniel Ilario,Creative Director at C14TORCE,https://harbour.space/faculty/Daniel-Ilario,image_folder/Daniel-Ilario.png
Interaction Design,Joris Groen,Behavioral psychologist,https://harbour.space/faculty/Joris-Groen,image_folder/Joris-Groen.png
Interaction Design,Fabienne Plangger,Art Direction & Graphic Designer,https://harbour.space/faculty/Fabienne-Plangger,image_folder/Fabienne-Plangger.png
Interaction Design,Marcus Ivarsson,"Executive Creative Director, EF Education First",https://harbour.space/faculty/marcus-ivarsson,image_folder/marcus-ivarsson.png
Interaction Design,John Hutt,Senior Culinary Expert at REMY Robotics,https://harbour.space/faculty/John-Hutt,image_folder/John-Hutt.png
Interaction Design,Marcos Chin,"Freelance Illustrator, Adjunct Professor at School of Visual Arts",https://harbour.space/faculty/Marcos-Chin,image_folder/Marcos-Chin.png
Interaction Design,Rajiv Arjan,Senior UX Researcher at Google,https://harbour.space/faculty/rajiv-arjan,image_folder/rajiv-arjan.png
Interaction Design,Dina Amin,Founder at Tinker Studio,https://harbour.space/faculty/Dina-Amin,image_folder/Dina-Amin.png
Interaction Design,Koji Pereira,Senior Product Design Manager at Twitter,https://harbour.space/faculty/koji-pereira,image_folder/koji-pereira.png
Interaction Design,Lauren Celenza,"Design Lead, Writer, Journalist Seattle, WA, US",https://harbour.space/faculty/lauren-celenza,image_folder/lauren-celenza.png
Interaction Design,Stav Yosha,Artist,https://harbour.space/faculty/Stav-Yosha,image_folder/Stav-Yosha.png
Interaction Design,Joshua Tuscan,Co-founder at Studio Debut,https://harbour.space/faculty/joshua-tuscan,image_folder/joshua-tuscan.png
Interaction Design,Thaisa Fernandes,Program Manager at Twitter,https://harbour.space/faculty/Thaisa-Fernandes,image_folder/Thaisa-Fernandes.png
Interaction Design,Joshua Davis,"Founder and Creative Director, Joshua Davis Studios",https://harbour.space/faculty/joshua-davis,image_folder/joshua-davis.png
Interaction Design,Cyril Tsiboulski,Partner at Cloudred,https://harbour.space/faculty/Cyril-Tsiboulski,image_folder/Cyril-Tsiboulski.png
Interaction Design,Willy Wong,Freelance Creative Consultant,https://harbour.space/faculty/Willy-Wong,image_folder/Willy-Wong.png
Interaction Design,Elpida Tatidou,Co-Founder at Marcelpida - Product Studio,https://harbour.space/faculty/elpida-tatidou,image_folder/elpida-tatidou.png
Interaction Design,Shrey Malik,Senior Experience Designer at Frog,https://harbour.space/faculty/Shrey-Malik,image_folder/Shrey-Malik.png
Interaction Design,Gerard Pijoan,Head of Product Design at 14 Agency,https://harbour.space/faculty/gerard-pijoan,image_folder/gerard-pijoan.png
Interaction Design,Daniel Scheibel,Technical Director / Co-Founder at Red Paper Heart,https://harbour.space/faculty/Daniel-Scheibel,image_folder/Daniel-Scheibel.png
Interaction Design,Kasey Klimes,Founder & Principal Design Researcher at Rhizome R&D,https://harbour.space/faculty/Kasey-Klimes,image_folder/Kasey-Klimes.png
Interaction Design,Hiram Aragón,"Lead Designer at Frog Design, Barcelona.",https://harbour.space/faculty/Hiram-Aragon,image_folder/Hiram-Aragon.png
Interaction Design,Alina Romashkova,Senior Interaction/Product designer at Fiction Express Education,https://harbour.space/faculty/alina-romashkova,image_folder/alina-romashkova.png
Interaction Design,Egor Nelubin,Freelance UI Designer / Co-founder at Two Studio,https://harbour.space/faculty/egor-nelyubin,image_folder/egor-nelyubin.png
Interaction Design,Maya Tansey,UX/UI and Visual Designer,https://harbour.space/faculty/maya-tansey,image_folder/maya-tansey.png
Interaction Design,Irene Pereyra,Co-Founder of Anton & Irene,https://harbour.space/faculty/irene-pereyra,image_folder/irene-pereyra.png
Interaction Design,Zachi Diner,Founder of a design agency METHODIC.DESIGN,https://harbour.space/faculty/Zachi-Diner,image_folder/Zachi-Diner.png
Interaction Design,Phil Balagtas,Principal & Executive Design Director at HABITAT,https://harbour.space/faculty/Phil-Balagtas,image_folder/Phil-Balagtas.png
Interaction Design,Ksenya Samarskaya,"Creative Director, Samarskaya & Partners",https://harbour.space/faculty/ksenya-samarskaya,image_folder/ksenya-samarskaya.png
Interaction Design,Connie Lui,Partner / Creative Director at YummyColours,https://harbour.space/faculty/Connie-Lui,image_folder/Connie-Lui.png
Interaction Design,Diego Marini,Co-Founder & Creative Director at YummyColours,https://harbour.space/faculty/Diego-Marini,image_folder/Diego-Marini.png
Interaction Design,Brent Austin,Freelance Designer & Animator,https://harbour.space/faculty/Brent-Austin,image_folder/Brent-Austin.png
Interaction Design,Alfred Bosch,Writer and Historian,https://harbour.space/faculty/Alfred-Bosch,image_folder/Alfred-Bosch.png
Interaction Design,Matthew Waldman,Design Innovation Consultant,https://harbour.space/faculty/matthew-waldman,image_folder/matthew-waldman.png
Interaction Design,Cathelijn Kruunenberg,"Graphic designer, founder Studio&",https://harbour.space/faculty/Cathelijn-Kruunenberg,image_folder/Cathelijn-Kruunenberg.png
Interaction Design,Mariëlle van Genderen,"Graphic designer, founder Studio&",https://harbour.space/faculty/marielle-van-genderen,image_folder/marielle-van-genderen.png
Interaction Design,Po-Chen Chia,Freelance motion director and animator,https://harbour.space/faculty/po-chen-chia,image_folder/po-chen-chia.png
Interaction Design,Alice Ro,Design Strategist at Memorial Sloan Kettering Cancer Center,https://harbour.space/faculty/Alice-Ro,image_folder/Alice-Ro.png
Interaction Design,Daniel Savage,Independent Designer and Director,https://harbour.space/faculty/daniel-savage,image_folder/daniel-savage.png
Interaction Design,Yin Liu,Freelance Game Developer,https://harbour.space/faculty/Yin-Liu,image_folder/Yin-Liu.png
Interaction Design,Ivan Cash,Founder of Cash Studios,https://harbour.space/faculty/ivan-cash,image_folder/ivan-cash.png
Interaction Design,Hjörtur Hilmarsson,"Co-Founder, Creative Developer and CEO at 14islands",https://harbour.space/faculty/Hj-rtur-Hilmarsson,image_folder/Hj-rtur-Hilmarsson.png
Interaction Design,Ricardo Mendieta,"Head of Digital, Harbour.Space",https://harbour.space/faculty/ricardo-mendieta,image_folder/ricardo-mendieta.png
Interaction Design,Jaclyn McKay,"Senior Designer, Riftweaver",https://harbour.space/faculty/Jaclyn-McKay,image_folder/Jaclyn-McKay.png
Interaction Design,Matteo Loglio,Founder at Oio.studio,https://harbour.space/faculty/Matteo-Loglio,image_folder/Matteo-Loglio.png
Interaction Design,Tien Nguyen,Design Director at rice Studios,https://harbour.space/faculty/tien-nguyen,image_folder/tien-nguyen.png
Interaction Design,Leonardo Martínez Arias,"Professor and Lecturer, Cultural centers and other private spaces",https://harbour.space/faculty/Leonardo-Martinez,image_folder/Leonardo-Martinez.png
Interaction Design,Laura Alejo,Freelance Art Director and Illustrator,https://harbour.space/faculty/Laura-Alejo,image_folder/Laura-Alejo.png
High-tech Entrepreneurship,Don Ritzen,Founder & CEO at Stealth Mode,https://harbour.space/faculty/don-ritzen,image_folder/don-ritzen.png
High-tech Entrepreneurship,Kamran Elahian,Founder and Chairman at Global Innovation Catalyst,https://harbour.space/faculty/kamran-elahian,image_folder/kamran-elahian.png
High-tech Entrepreneurship,Teimour Agaev,"Partner at Sagasser, Member of Moscow and Paris Bars",https://harbour.space/faculty/teimour-agaev,image_folder/teimour-agaev.png
High-tech Entrepreneurship,Stephanie Hospital,"Founder and CEO, OneRagtime",https://harbour.space/faculty/Stephanie-Hospital,image_folder/Stephanie-Hospital.png
High-tech Entrepreneurship,Zohre Elahian,Managing Director at Global Catalyst Foundation,https://harbour.space/faculty/zohre-elahian,image_folder/zohre-elahian.png
High-tech Entrepreneurship,Caroline Szymanski,"PhD, Research Fellow at Max Planck Institute for Human Development and Berlin School of Mind and Brain",https://harbour.space/faculty/caroline-szymanski,image_folder/caroline-szymanski.png
High-tech Entrepreneurship,Erbil Karaman,Advisor 500 Startups,https://harbour.space/faculty/erbil-karaman,image_folder/erbil-karaman.png
High-tech Entrepreneurship,Ron Johnson,Product Owner for National Video Information System (NVIS),https://harbour.space/faculty/ron-johnson,image_folder/ron-johnson.png
High-tech Entrepreneurship,Vadim Tarasov,Venture Partner at Target Global,https://harbour.space/faculty/vadim-tarasov,image_folder/vadim-tarasov.png
High-tech Entrepreneurship,Hannes Chopra,CEO of RaSa Consulting UG,https://harbour.space/faculty/hannes-chopra,image_folder/hannes-chopra.png
High-tech Entrepreneurship,Tair Assimov,CEO of Dockbit,https://harbour.space/faculty/tair-assimov,image_folder/tair-assimov.png
High-tech Entrepreneurship,Dmitry Skorinko,CEO at Eliport,https://harbour.space/faculty/dmitry-skorinko,image_folder/dmitry-skorinko.png
High-tech Entrepreneurship,Jamie Inman,"Assistant Headmaster for Institutional Advancement, Christ Church Episcopal School",https://harbour.space/faculty/jamie-inman,image_folder/jamie-inman.png
High-tech Entrepreneurship,Cristian Oglio,"Economist, Legal and Taxes Advisor, Insolvency Administrator and Entrepreneur",https://harbour.space/faculty/cristian-oglio,image_folder/cristian-oglio.png
High-tech Entrepreneurship,Estefania Santacreu Vasut,"PhD, Associate Professor in Economics chez ESSEC Business School and THEMA",https://harbour.space/faculty/estefania-santacreu-vasut,image_folder/estefania-santacreu-vasut.png
High-tech Entrepreneurship,Fil Guijarro,"Business Development & Sales Consultant, Mentor & Speaker",https://harbour.space/faculty/fil-guijarro,image_folder/fil-guijarro.png
High-tech Entrepreneurship,Christian Palau,SVP Business Development at REDARBOR,https://harbour.space/faculty/christian-palau,image_folder/christian-palau.png
High-tech Entrepreneurship,Max Meyer,CEO at Masii.com,https://harbour.space/faculty/max-meyer,image_folder/max-meyer.png
High-tech Entrepreneurship,Scott Mackin,Founder of Bourbon & Barcinno,https://harbour.space/faculty/scott-mackin,image_folder/scott-mackin.png
High-tech Entrepreneurship,Christopher Fabian,Co-lead UNICEF's Innovation Unit,https://harbour.space/faculty/christopher-fabian,image_folder/christopher-fabian.png
High-tech Entrepreneurship,Ingo Beyer von Morgenstern,"Emeritus Head of European and Asian High-Tech, Telecom and Media Practice, McKinsey & Co.",https://harbour.space/faculty/ingo-beyer-von-morgenstern,image_folder/ingo-beyer-von-morgenstern.png
High-tech Entrepreneurship,Stephanie Schwab,CEO at Crackerjack Marketing,https://harbour.space/faculty/stephanie-schwab,image_folder/stephanie-schwab.png
High-tech Entrepreneurship,Dia Bondi,Communications Catalyst and creator Ask Like an Auctioneer,https://harbour.space/faculty/dia-bondi,image_folder/dia-bondi.png
High-tech Entrepreneurship,Gregory LaBlanc,"Lecturer at Berkeley, Stanford, HEC, & Host @ UNSILOED podcast",https://harbour.space/faculty/Gregory-LaBlanc,image_folder/Gregory-LaBlanc.png
High-tech Entrepreneurship,Ian Collingwood,Principal at UXdna,https://harbour.space/faculty/Ian-Collingwood,image_folder/Ian-Collingwood.png
High-tech Entrepreneurship,Amarit Charoenphan,Managing Partner at Aim Ventures,https://harbour.space/faculty/Amarit-Charoenphan,image_folder/Amarit-Charoenphan.png
High-tech Entrepreneurship,Leart Zogjani,"Founder of Skins Agency, co-founder of Symbolt.io",https://harbour.space/faculty/Leart-Zogjan,image_folder/Leart-Zogjan.png
High-tech Entrepreneurship,Parham Holakouee,"Core Faculty at Pepperdine University, Graduate School of Education and Psychology",https://harbour.space/faculty/parham-holakouee,image_folder/parham-holakouee.png
High-tech Entrepreneurship,Adrianne Aiko Thompson,Professor of World Languages at Miami Dade College  thompson,https://harbour.space/faculty/adrianne-aiko,image_folder/adrianne-aiko.png
High-tech Entrepreneurship,Natalia Kotlyarova,"Business trainer for communication and public speaking. Team coach, executive coach for deep transformation. Culture transformation and science of happiness expert.",https://harbour.space/faculty/natasha-kotlyarova,image_folder/natasha-kotlyarova.png
High-tech Entrepreneurship,Vladislav Poshmorga,Chief Investment Officer at SDVentures,https://harbour.space/faculty/Vladislav-Poshmorga,image_folder/Vladislav-Poshmorga.png
High-tech Entrepreneurship,Pierre-Pascal Urbon,Chairman INSTAGRID / Board Member VAMO,https://harbour.space/faculty/Pierre-Pascal-Urbon,image_folder/Pierre-Pascal-Urbon.png
High-tech Entrepreneurship,Kathy Zhao,"Head of Product (Former Amazon, Tencent, Mastercard); Startup operator and advisor",https://harbour.space/faculty/kathy-zhao,image_folder/kathy-zhao.png
High-tech Entrepreneurship,Pete Silvester,Director at xCelery,https://harbour.space/faculty/Pete-Silvester,image_folder/Pete-Silvester.png
High-tech Entrepreneurship,Malte Prien,Serial Entrepreneur,https://harbour.space/faculty/malte-prien,image_folder/malte-prien.png
High-tech Entrepreneurship,Abdullah Al-Shaksy,Co-Founder & CEO at Phaze Ventures,https://harbour.space/faculty/Abdullah-Al-Shaksy,image_folder/Abdullah-Al-Shaksy.png
High-tech Entrepreneurship,Daniel Kozlov,"Co-Founder and CCO at Innovera.ai, Startup and Corporate Innovation Expert, Educator",https://harbour.space/faculty/Daniel-Kozlov,image_folder/Daniel-Kozlov.png
High-tech Entrepreneurship,Ramin Salehi Jannati,Senior Manager Sales Development at Jamf  jannati,https://harbour.space/faculty/Ramin-Salehi,image_folder/Ramin-Salehi.png
High-tech Entrepreneurship,Bianca Praetorius,Startup Pitch & Public Speaking Expert. Entrepreneurial Activist & TV host.,https://harbour.space/faculty/bianca-praetorius,image_folder/bianca-praetorius.png
High-tech Entrepreneurship,Aline Badr,"Global Executive Coach, PCC, CPCC CEO Reputation Advisor",https://harbour.space/faculty/Aline-Badr,image_folder/Aline-Badr.png
High-tech Entrepreneurship,Breck Hancock,Chief Legal & Operating Officer at DST Global,https://harbour.space/faculty/breck-hancock,image_folder/breck-hancock.png
High-tech Entrepreneurship,Catherine Schoendorff,Partner and co-curator of The Value Department. Former CEO Mercer Switzerland.,https://harbour.space/faculty/Catherine-Schoendorff,image_folder/Catherine-Schoendorff.png
High-tech Entrepreneurship,Alejandro Masferrer,Founder and Facilitator at Triggers,https://harbour.space/faculty/Alejandro-Masferrer,image_folder/Alejandro-Masferrer.png
High-tech Entrepreneurship,Eric Dawson,CEO at Peace First,https://harbour.space/faculty/Eric-Dawson,image_folder/Eric-Dawson.png
High-tech Entrepreneurship,Alexander Pustovit,"Managing Partner @ Honey Badgers, Head Coach @ Global Innovation Catalyst",https://harbour.space/faculty/Alexander-Pustovit,image_folder/Alexander-Pustovit.png
High-tech Entrepreneurship,Laura Morris,"Programme Leader, Transformation Delivery Specialist, Coach. Owner and Director of FoxHouse.",https://harbour.space/faculty/Laura-Morris,image_folder/Laura-Morris.png
High-tech Entrepreneurship,Tarmo Virki,"Editor, Entrepreneur",https://harbour.space/faculty/Tarmo-Virki,image_folder/Tarmo-Virki.png
High-tech Entrepreneurship,Susan Akbarpour,Managing partner at Candou Ventures,https://harbour.space/faculty/Susan-Akbarpour,image_folder/Susan-Akbarpour.png
High-tech Entrepreneurship,Igor Ryabenkiy,Founder and General Partner at AltaIR Capital,https://harbour.space/faculty/Igor-Ryabenkiy,image_folder/Igor-Ryabenkiy.png
High-tech Entrepreneurship,Barry White,Growth Hacking and Mobile Startup Specialist,https://harbour.space/faculty/Barry-White,image_folder/Barry-White.png
High-tech Entrepreneurship,Luiz Fittipaldi,Global Strategy & Planning Manager at PREPLY,https://harbour.space/faculty/Luiz-Fittipaldi,image_folder/Luiz-Fittipaldi.png
High-tech Entrepreneurship,Sharinee Shannon Kalayanamitr,"Independent Board at Pi Securities, MD at Ikigai Group",https://harbour.space/faculty/Sharinee-Shannon-Kalayanamitr,image_folder/Sharinee-Shannon-Kalayanamitr.png
High-tech Entrepreneurship,Temsiri Sujaritchant,"CEO & Founder of AccelWise Co., Ltd.",https://harbour.space/faculty/Temsiri-Sujaritchant,image_folder/Temsiri-Sujaritchant.png
High-tech Entrepreneurship,Fredrik Wester,"Co-Founder, Executive Chairman of the Board of Paradox Interactive",https://harbour.space/faculty/fredrik-wester,image_folder/fredrik-wester.png
High-tech Entrepreneurship,Amir Kassaei,G.O.A.T. aka K.O.C. at KASSÆI,https://harbour.space/faculty/Amir-Kassaei,image_folder/Amir-Kassaei.png
High-tech Entrepreneurship,Bonnie Rothman,Founder & President at Company B,https://harbour.space/faculty/bonnie-rothman,image_folder/bonnie-rothman.png
High-tech Entrepreneurship,Srilekha Akula,"TPM Lead, Google",https://harbour.space/faculty/srilekha-akula,image_folder/srilekha-akula.png
High-tech Entrepreneurship,Natthapong Sasasmit,Labs Manager at WeWork,https://harbour.space/faculty/Natthapong-Sasasmit,image_folder/Natthapong-Sasasmit.png
High-tech Entrepreneurship,Andreas Jaegle,"Vice President Operations, HitFox Group",https://harbour.space/faculty/andreas-jaegle,image_folder/andreas-jaegle.png
High-tech Entrepreneurship,Robbert van Geldrop,Entrepreneur and Investor,https://harbour.space/faculty/Robbert-van-Geldrop,image_folder/Robbert-van-Geldrop.png
High-tech Entrepreneurship,Prim Jitcharoongphorn,"Chairman of the Executive Board at Allied Metals (Thailand) Co., Ltd.",https://harbour.space/faculty/Prim-Jitcharoongphorn,image_folder/Prim-Jitcharoongphorn.png
High-tech Entrepreneurship,Jason Minkee Kim,Head of Corporate Development at ProtoPie,https://harbour.space/faculty/Jason-Minkee-Kim,image_folder/Jason-Minkee-Kim.png
High-tech Entrepreneurship,Kanetaka Maki,"Associate Professor, Waseda Business School",https://harbour.space/faculty/Kanetaka-Maki,image_folder/Kanetaka-Maki.png
High-tech Entrepreneurship,Mikhail Kudinov,Co-Founder & CCO at VeeRoute,https://harbour.space/faculty/mikhail-kudinov,image_folder/mikhail-kudinov.png
High-tech Entrepreneurship,Alexander Malov,Senior Product Manager,https://harbour.space/faculty/alexander-malov,image_folder/alexander-malov.png
High-tech Entrepreneurship,Choedpong Khannabha,Managing Director at Frontier Innovation,https://harbour.space/faculty/Choendpong-Khannabha,image_folder/Choendpong-Khannabha.png
High-tech Entrepreneurship,Greg Beatty,Cyber Law & Compliance Lead,https://harbour.space/faculty/Greg-Beatty,image_folder/Greg-Beatty.png
High-tech Entrepreneurship,Brie E Anderson,Owner at BEAST Analytics,https://harbour.space/faculty/Briana-Anderson,image_folder/Briana-Anderson.png
High-tech Entrepreneurship,Ignacio Mas,"Outside Director at Gojo & Company, Japan",https://harbour.space/faculty/Ignacio-Mas,image_folder/Ignacio-Mas.png
High-tech Entrepreneurship,Master Can,34th Generation Shaolin Warrior Monk   (master can),https://harbour.space/faculty/guangcan-wang,image_folder/guangcan-wang.png
High-tech Entrepreneurship,Katya de Freedericksz,Entrepreneur & Growth Marketing Advisor,https://harbour.space/faculty/katya-sivkova,image_folder/katya-sivkova.png
High-tech Entrepreneurship,Kevin Madill,Investment Director at MaRS Investment Accelerator Fund,https://harbour.space/faculty/Kevin-Madill,image_folder/Kevin-Madill.png
Product Management,Kevin Madill,Investment Director at MaRS Investment Accelerator Fund,https://harbour.space/faculty/Kevin-Madill,image_folder/Kevin-Madill.png
Product Management,Aleksandr Simukovic,"Senior Product Manager, Adjust",https://harbour.space/faculty/Aleksandr-Simukovic,image_folder/Aleksandr-Simukovic.png
Product Management,Charles Farina,Director of Analytics at Analytics Pros,https://harbour.space/faculty/charles-farina,image_folder/charles-farina.png
Product Management,Alejandro Rigatuso,"Growth Marketing Specialist, Director of SEO at Toptal",https://harbour.space/faculty/alejandro-rigatuso,image_folder/alejandro-rigatuso.png
Product Management,Dmitry Skorinko,CEO at Eliport,https://harbour.space/faculty/dmitry-skorinko,image_folder/dmitry-skorinko.png
Product Management,Don Ritzen,Founder & CEO at Stealth Mode,https://harbour.space/faculty/don-ritzen,image_folder/don-ritzen.png
Product Management,Alexander Malov,Senior Product Manager,https://harbour.space/faculty/alexander-malov,image_folder/alexander-malov.png
Product Management,Mikhail Kudinov,Co-Founder & CCO at VeeRoute,https://harbour.space/faculty/mikhail-kudinov,image_folder/mikhail-kudinov.png
Product Management,Fredrik Wester,"Co-Founder, Executive Chairman of the Board of Paradox Interactive",https://harbour.space/faculty/fredrik-wester,image_folder/fredrik-wester.png
Product Management,Irene Pereyra,Co-Founder of Anton & Irene,https://harbour.space/faculty/irene-pereyra,image_folder/irene-pereyra.png
Product Management,Ron Wilde,User Experience Designer / Founder at Gap'cork llc,https://harbour.space/faculty/ron-wilde,image_folder/ron-wilde.png
Product Management,Joshua Tuscan,Co-founder at Studio Debut,https://harbour.space/faculty/joshua-tuscan,image_folder/joshua-tuscan.png
Product Management,Lauren Celenza,"Design Lead, Writer, Journalist Seattle, WA, US",https://harbour.space/faculty/lauren-celenza,image_folder/lauren-celenza.png
Product Management,Alex Nechoroskovas,Founder&CEO at Revenue Atoms,https://harbour.space/faculty/Alex-Nechoroskovas,image_folder/Alex-Nechoroskovas.png
Product Management,Robbert van Geldrop,Entrepreneur and Investor,https://harbour.space/faculty/Robbert-van-Geldrop,image_folder/Robbert-van-Geldrop.png
Product Management,Barry White,Growth Hacking and Mobile Startup Specialist,https://harbour.space/faculty/Barry-White,image_folder/Barry-White.png
Product Management,Andrey Kostyuk,"Co-Founder, AAlchemy Ventures Limited",https://harbour.space/faculty/Andrey-Kostyuk,image_folder/Andrey-Kostyuk.png
Product Management,Romain Untereiner,Co-founder and CTO of Cantoo,https://harbour.space/faculty/Romain-Untereiner,image_folder/Romain-Untereiner.png
Product Management,Ann Hiatt,Leadership Strategist at Ann Hiatt consulting,https://harbour.space/faculty/Ann-Hiatt,image_folder/Ann-Hiatt.png
Product Management,Alexander Kiverin,CTO at Gazprom Neft ex-CTO at Ak Bars Digital (Ak Bars Bank),https://harbour.space/faculty/Alexander-Kiverin,image_folder/Alexander-Kiverin.png
Product Management,Anil Ravindrakumar,Growth Lead at FREE NOW,https://harbour.space/faculty/Anil-Ravindrakumar,image_folder/Anil-Ravindrakumar.png
Product Management,Lisa Cooney,Agile Coach at Edward Jones,https://harbour.space/faculty/Lisa-Cooney,image_folder/Lisa-Cooney.png
Product Management,Roberto Hortal,Chief Product and Technology Officer at Wall Street English,https://harbour.space/faculty/Roberto-Hortal,image_folder/Roberto-Hortal.png
Product Management,Alena Sludnova,"Data analyst, Yango",https://harbour.space/faculty/Alena-Sludnova,image_folder/Alena-Sludnova.png
Product Management,Kseniia Baidina,Analytics Team Lead at Yango,https://harbour.space/faculty/Kseniia-Baidina,image_folder/Kseniia-Baidina.png
Product Management,Nicholas Sharaf,Group Product Manager at Smartly.io,https://harbour.space/faculty/Nicholas-Sharaf,image_folder/Nicholas-Sharaf.png
Product Management,Malon Kraaijvanger,Senior Product Manager Data Platform at eBay Kleinanzeigen,https://harbour.space/faculty/Malon-Kraaijvanger,image_folder/Malon-Kraaijvanger.png
Product Management,Rio Fukaya,Strategic Advisor in technology and sports,https://harbour.space/faculty/Rio-Fukaya,image_folder/Rio-Fukaya.png
Product Management,Erno Berger,Head of Product at BestSecret Group,https://harbour.space/faculty/Erno-Berger,image_folder/Erno-Berger.png
Product Management,Artem Asanov,Global Head of B2B at Yango,https://harbour.space/faculty/Artem-Asanov,image_folder/Artem-Asanov.png
Product Management,Kathy Zhao,"Head of Product (Former Amazon, Tencent, Mastercard); Startup operator and advisor",https://harbour.space/faculty/kathy-zhao,image_folder/kathy-zhao.png
Product Management,Martin Ebner,Founder at Martin Ebner,https://harbour.space/faculty/Martin-Ebner,image_folder/Martin-Ebner.png
Product Management,Rachel Inman,Interaction Designer at Google,https://harbour.space/faculty/rachel-inman,image_folder/rachel-inman.png
Product Management,Munish Dabas,Senior UX Engineer at Google,https://harbour.space/faculty/munish-dabas,image_folder/munish-dabas.png
Product Management,Rajiv Arjan,Senior UX Researcher at Google,https://harbour.space/faculty/rajiv-arjan,image_folder/rajiv-arjan.png
Product Management,Srilekha Akula,"TPM Lead, Google",https://harbour.space/faculty/srilekha-akula,image_folder/srilekha-akula.png
Product Management,Koji Pereira,Senior Product Design Manager at Twitter,https://harbour.space/faculty/koji-pereira,image_folder/koji-pereira.png
Product Management,Thaisa Fernandes,Program Manager at Twitter,https://harbour.space/faculty/Thaisa-Fernandes,image_folder/Thaisa-Fernandes.png
Product Management,Tia Loukkola,Product Management Consultant at P2C2,https://harbour.space/faculty/tia-loukkola,image_folder/tia-loukkola.png
Product Management,Olga Nikitina,Founder & CEO at Smartly,https://harbour.space/faculty/Olga-Nikitina,image_folder/Olga-Nikitina.png
Product Management,Nico Deblauwe,Product Director at Typeform,https://harbour.space/faculty/Nico-Deblauwe,image_folder/Nico-Deblauwe.png
Product Management,Jason Minkee Kim,Head of Corporate Development at ProtoPie,https://harbour.space/faculty/Jason-Minkee-Kim,image_folder/Jason-Minkee-Kim.png
Product Management,Paul Heiden,Chief Product Officer at FlixMobility,https://harbour.space/faculty/Paul-Heiden,image_folder/Paul-Heiden.png
Product Management,Pete Silvester,Director at xCelery,https://harbour.space/faculty/Pete-Silvester,image_folder/Pete-Silvester.png
Product Management,Daniel Kozlov,"Co-Founder and CCO at Innovera.ai, Startup and Corporate Innovation Expert, Educator",https://harbour.space/faculty/Daniel-Kozlov,image_folder/Daniel-Kozlov.png
Product Management,Kasey Klimes,Founder & Principal Design Researcher at Rhizome R&D,https://harbour.space/faculty/Kasey-Klimes,image_folder/Kasey-Klimes.png
Product Management,Greg Beatty,Cyber Law & Compliance Lead,https://harbour.space/faculty/Greg-Beatty,image_folder/Greg-Beatty.png
Product Management,Parham Holakouee,"Core Faculty at Pepperdine University, Graduate School of Education and Psychology",https://harbour.space/faculty/parham-holakouee,image_folder/parham-holakouee.png
Product Management,Ian Collingwood,Principal at UXdna,https://harbour.space/faculty/Ian-Collingwood,image_folder/Ian-Collingwood.png
Product Management,Alejandro Masferrer,Founder and Facilitator at Triggers,https://harbour.space/faculty/Alejandro-Masferrer,image_folder/Alejandro-Masferrer.png
Product Management,Catherine Schoendorff,Partner and co-curator of The Value Department. Former CEO Mercer Switzerland.,https://harbour.space/faculty/Catherine-Schoendorff,image_folder/Catherine-Schoendorff.png
Product Management,Eric Dawson,CEO at Peace First,https://harbour.space/faculty/Eric-Dawson,image_folder/Eric-Dawson.png
Product Management,Laura Morris,"Programme Leader, Transformation Delivery Specialist, Coach. Owner and Director of FoxHouse.",https://harbour.space/faculty/Laura-Morris,image_folder/Laura-Morris.png
Product Management,Alexander Pustovit,"Managing Partner @ Honey Badgers, Head Coach @ Global Innovation Catalyst",https://harbour.space/faculty/Alexander-Pustovit,image_folder/Alexander-Pustovit.png
Product Management,Brie E Anderson,Owner at BEAST Analytics,https://harbour.space/faculty/Briana-Anderson,image_folder/Briana-Anderson.png
Product Management,Tarmo Virki,"Editor, Entrepreneur",https://harbour.space/faculty/Tarmo-Virki,image_folder/Tarmo-Virki.png
Product Management,Choedpong Khannabha,Managing Director at Frontier Innovation,https://harbour.space/faculty/Choendpong-Khannabha,image_folder/Choendpong-Khannabha.png
Product Management,Si Thu Maung,"Head of Product, Wave Money",https://harbour.space/faculty/Si-Thu-Maung,image_folder/Si-Thu-Maung.png
Product Management,Prim Jitcharoongphorn,"Chairman of the Executive Board at Allied Metals (Thailand) Co., Ltd.",https://harbour.space/faculty/Prim-Jitcharoongphorn,image_folder/Prim-Jitcharoongphorn.png
Product Management,Malte Prien,Serial Entrepreneur,https://harbour.space/faculty/malte-prien,image_folder/malte-prien.png
Product Management,Robbert van Geldrop,Entrepreneur and Investor,https://harbour.space/faculty/Robbert-van-Geldrop,image_folder/Robbert-van-Geldrop.png
Product Management,Andreas Jaegle,"Vice President Operations, HitFox Group",https://harbour.space/faculty/andreas-jaegle,image_folder/andreas-jaegle.png
Product Management,Natthapong Sasasmit,Labs Manager at WeWork,https://harbour.space/faculty/Natthapong-Sasasmit,image_folder/Natthapong-Sasasmit.png
Product Management,Amarit Charoenphan,Managing Partner at Aim Ventures,https://harbour.space/faculty/Amarit-Charoenphan,image_folder/Amarit-Charoenphan.png
Product Management,Sharinee Shannon Kalayanamitr,"Independent Board at Pi Securities, MD at Ikigai Group",https://harbour.space/faculty/Sharinee-Shannon-Kalayanamitr,image_folder/Sharinee-Shannon-Kalayanamitr.png
Product Management,Temsiri Sujaritchant,"CEO & Founder of AccelWise Co., Ltd.",https://harbour.space/faculty/Temsiri-Sujaritchant,image_folder/Temsiri-Sujaritchant.png
Product Management,Kanetaka Maki,"Associate Professor, Waseda Business School",https://harbour.space/faculty/Kanetaka-Maki,image_folder/Kanetaka-Maki.png
Product Management,Luiz Fittipaldi,Global Strategy & Planning Manager at PREPLY,https://harbour.space/faculty/Luiz-Fittipaldi,image_folder/Luiz-Fittipaldi.png
Product Management,Rio Fukaya,Strategic Advisor in technology and sports,https://harbour.space/faculty/Rio-Fukaya,image_folder/Rio-Fukaya.png
Computer Science,Stanislav Protasov,"Senior Vice President, Head of R&D at Acronis",https://harbour.space/faculty/stanislav-protasov,image_folder/stanislav-protasov.png
Computer Science,Konstantin Solnushkin,Senior Software Engineer at Google,https://harbour.space/faculty/konstantin-solnushkin,image_folder/konstantin-solnushkin.png
Computer Science,Maksym Prokopov,Software Engineer at Google,https://harbour.space/faculty/maksym-prokopov,image_folder/maksym-prokopov.png
Computer Science,Alexander Kulikov,"Visiting Professor at University of California, San Diego",https://harbour.space/faculty/alexander-kulikov,image_folder/alexander-kulikov.png
Computer Science,Attila Sali,Professor of Mathematics at Rényi Institute,https://harbour.space/faculty/attila-sali,image_folder/attila-sali.png
Computer Science,Dmitrii Kornilov,CTO at JetBrains Research,https://harbour.space/faculty/dmitrii-kornilov,image_folder/dmitrii-kornilov.png
Computer Science,Dmitry Shtykhno,Director of Engineering at Cloudflare,https://harbour.space/faculty/dmitry-shtykhno,image_folder/dmitry-shtykhno.png
Computer Science,Fedor Fomin,Professor at University of Bergen,https://harbour.space/faculty/fedor-fomin,image_folder/fedor-fomin.png
Computer Science,Mikhail Dvorkin,Senior Software Engineer at Google,https://harbour.space/faculty/mikhail-dvorkin,image_folder/mikhail-dvorkin.png
Computer Science,Pavel Mavrin,Software Engineer at Google,https://harbour.space/faculty/pavel-mavrin,image_folder/pavel-mavrin.png
Computer Science,Sergey Nikolenko,Chief Research Officer at POMPEU FABRA UNIVERSITY,https://harbour.space/faculty/sergey-nikolenko,image_folder/sergey-nikolenko.png
Computer Science,Victor Kantor,Senior Software Engineer at Google,https://harbour.space/faculty/victor-kantor,image_folder/victor-kantor.png
Computer Science,Vasilii Artemev,Senior Software Engineer at Google,https://harbour.space/faculty/vasilii-artemev,image_folder/vasilii-artemev.png
Computer Science,Pavel Klemenkov,Software Engineer at Google,https://harbour.space/faculty/pavel-klemenkov,image_folder/pavel-klemenkov.png
Computer Science,Deepa Gupta,Software Engineer at Google,https://harbour.space/faculty/deepa-gupta,image_folder/deepa-gupta.png
Computer Science,Pavel Scherbinin,Software Engineer at Google,https://harbour.space/faculty/pavel-scherbinin,image_folder/pavel-scherbinin.png
Computer Science,Alexander Kulikov,"Visiting Professor at University of California, San Diego",https://harbour.space/faculty/alexander-kulikov,image_folder/alexander-kulikov.png
Computer Science,Attila Sali,Professor of Mathematics at Rényi Institute,https://harbour.space/faculty/attila-sali,image_folder/attila-sali.png
Computer Science,Ivan Yamshchikov,Professor of AI at Technical University of Applied Sciences Würzburg-Schweinfurt,https://harbour.space/faculty/ivan-yamshchikov,image_folder/ivan-yamshchikov.png
Computer Science,Alina Samokhina,Senior Software Engineer at Google,https://harbour.space/faculty/alina-samokhina,image_folder/alina-samokhina.png
Computer Science,Aleksei Shabanov,Senior Software Engineer at Google,https://harbour.space/faculty/aleksei-shabanov,image_folder/aleksei-shabanov.png
Computer Science,Parit (Wit) Sripakdeevong,CTO at Siam Piwat,https://harbour.space/faculty/parit-wit-sripakdeevong,image_folder/parit-wit-sripakdeevong.png
Computer Science,Anna Aksenova,Senior Software Engineer at Google,https://harbour.space/faculty/anna-aksenova,image_folder/anna-aksenova.png
Computer Science,Pavel Marvin,Software Engineer at Google,https://harbour.space/faculty/pavel-marvin,image_folder/pavel-marvin.png
Computer Science,Alexander Guschin,Senior Software Engineer at Google,https://harbour.space/faculty/alexander-guschin,image_folder/alexander-guschin.png
Computer Science,Mikhail Rozhkov,Senior Software Engineer at Google,https://harbour.space/faculty/mikhail-rozhkov,image_folder/mikhail-rozhkov.png
Computer Science,Emeli Dral,Co-Founder and CTO at Evidently AI,https://harbour.space/faculty/emeli-dral,image_folder/emeli-dral.png
Computer Science,Ana Milovanovic,Senior Software Engineer at Google,https://harbour.space/faculty/ana-milovanovic,image_folder/ana-milovanovic.png
Computer Science,Irina Rudenko,Senior Software Engineer at Google,https://harbour.space/faculty/irina-rudenko,image_folder/irina-rudenko.png
Computer Science,Michael Diskin,Senior Software Engineer at Google,https://harbour.space/faculty/michael-diskin,image_folder/michael-diskin.png
Computer Science,Nikita Fedkin,Senior Software Engineer at Google,https://harbour.space/faculty/nikita-fedkin,image_folder/nikita-fedkin.png
Computer Science,Yevgeniy Ilyin,Senior Software Engineer at Google,https://harbour.space/faculty/yevgeniy-ilyin,image_folder/yevgeniy-ilyin.png
Computer Science,Anastasia Ianina,Senior Software Engineer at Google,https://harbour.space/faculty/anastasia-ianina,image_folder/anastasia-ianina.png
Computer Science,Vladislav Goncharenko,Senior Software Engineer at Google,https://harbour.space/faculty/vladislav-goncharenko,image_folder/vladislav-goncharenko.png
Computer Science,Valery Marchenkov,Senior Software Engineer at Google,https://harbour.space/faculty/valery-marchenkov,image_folder/valery-marchenkov.png
Computer Science,Oleg Ivchenko,Senior Software Engineer at Google,https://harbour.space/faculty/oleg-ivchenko,image_folder/oleg-ivchenko.png
Computer Science,Polina Proskura,Senior Software Engineer at Google,https://harbour.space/faculty/polina-proskura,image_folder/polina-proskura.png
Computer Science,Iurii Efimov,Senior Software Engineer at Google,https://harbour.space/faculty/iurii-efimov,image_folder/iurii-efimov.png
Computer Science,Julia Ivanova,Senior Software Engineer at Google,https://harbour.space/faculty/julia-ivanova,image_folder/julia-ivanova.png
Computer Science,Alexey Dral,Head of Data and Research Computing at Skoltech,https://harbour.space/faculty/alexey-dral,image_folder/alexey-dral.png
Computer Science,Mikhail Anukhin,Senior Software Engineer at Google,https://harbour.space/faculty/mikhail-anukhin,image_folder/mikhail-anukhin.png
Computer Science,Leah Isakov,Senior Software Engineer at Google,https://harbour.space/faculty/leah-isakov,image_folder/leah-isakov.png
Computer Science,Evgenii Nazarov,Senior Software Engineer at Google,https://harbour.space/faculty/evgenii-nazarov,image_folder/evgenii-nazarov.png
Computer Science,Juan Galeano,Senior Software Engineer at Google,https://harbour.space/faculty/juan-galeano,image_folder/juan-galeano.png
Computer Science,Igor Golov,Senior Software Engineer at Google,https://harbour.space/faculty/igor-golov,image_folder/igor-golov.png
Computer Science,Sasha Shapoval,Senior Software Engineer at Google,https://harbour.space/faculty/sasha-shapoval,image_folder/sasha-shapoval.png
Computer Science,Anastasia Lubennikova,Senior Software Engineer at Google,https://harbour.space/faculty/anastasia-lubennikova,image_folder/anastasia-lubennikova.png
Computer Science,Andrey Khokhlov,Senior Software Engineer at Google,https://harbour.space/faculty/andrey-khokhlov,image_folder/andrey-khokhlov.png
Computer Science,Maxim Musin,Senior Software Engineer at Google,https://harbour.space/faculty/maxim-musin,image_folder/maxim-musin.png
Computer Science,Ivan Provilkov,Senior Software Engineer at Google,https://harbour.space/faculty/ivan-provilkov,image_folder/ivan-provilkov.png
Computer Science,Nikolay Karpachev,Senior Software Engineer at Google,https://harbour.space/faculty/nikolay-karpachev,image_folder/nikolay-karpachev.png
Computer Science,Timo Koski,Professor at KTH Royal Institute of Technology,https://harbour.space/faculty/timo-koski,image_folder/timo-koski.png
Computer Science,Nataliia Kozlovskaia,Senior Software Engineer at Google,https://harbour.space/faculty/nataliia-kozlovskaia,image_folder/nataliia-kozlovskaia.png
Computer Science,Ilia Sklonin,Senior Software Engineer at Google,https://harbour.space/faculty/ilia-sklonin,image_folder/ilia-sklonin.png
Computer Science,Mohammad Sanaee,Senior Software Engineer at Google,https://harbour.space/faculty/mohammad-sanaee,image_folder/mohammad-sanaee.png
Computer Science,Sergey Nikolenko,Chief Research Officer at POMPEU FABRA UNIVERSITY,https://harbour.space/faculty/sergey-nikolenko,image_folder/sergey-nikolenko.png
Computer Science,Sergey Khoroshenkikh,Senior Software Engineer at Google,https://harbour.space/faculty/sergey-khoroshenkikh,image_folder/sergey-khoroshenkikh.png
Computer Science,Evgeniy Riabenko,Senior Software Engineer at Google,https://harbour.space/faculty/evgeniy-riabenko,image_folder/evgeniy-riabenko.png
Computer Science,Alexey Davydov,Senior Software Engineer at Google,https://harbour.space/faculty/alexey-davydov,image_folder/alexey-davydov.png
Computer Science,Murtadha Al-Tameemi,Senior Software Engineer at Google,https://harbour.space/faculty/murtadha-al-tameemi,image_folder/murtadha-al-tameemi.png
Computer Science,Andrei Nartsev,Senior Software Engineer at Google,https://harbour.space/faculty/andrei-nartsev,image_folder/andrei-nartsev.png
Computer Science,Alexandra Sumarokova,Senior Software Engineer at Google,https://harbour.space/faculty/alexandra-sumarokova,image_folder/alexandra-sumarokova.png
Computer Science,Radoslav Neychev,Co-Founder and CTO at Gero.ai,https://harbour.space/faculty/radoslav-neychev,image_folder/radoslav-neychev.png
Computer Science,Anna Rudenko,Senior Software Engineer at Google,https://harbour.space/faculty/anna-rudenko,image_folder/anna-rudenko.png
Front-end Development,Anton Repponen,Co-Founder of Anton & Irene,https://harbour.space/faculty/anton-repponen,image_folder/anton-repponen.png
Front-end Development,Claudio Guglieri,Design Director at Microsoft Groove and Movies & TV Microsoft; Creative Director at Guglieri.com,https://harbour.space/faculty/claudio-guglieri,image_folder/claudio-guglieri.png
Front-end Development,Riccardo Giraldi,"Principal Creative Director, Microsoft",https://harbour.space/faculty/riccardo-giraldi,image_folder/riccardo-giraldi.png
Front-end Development,Felipe Mahalem,"Associate Creative Director, Motion Graphics at R/GA",https://harbour.space/faculty/Felipe-Mahalem,image_folder/Felipe-Mahalem.png
Front-end Development,Daniel Ilario,Creative Director at C14TORCE,https://harbour.space/faculty/Daniel-Ilario,image_folder/Daniel-Ilario.png
Front-end Development,Joshua Davis,"Founder and Creative Director, Joshua Davis Studios",https://harbour.space/faculty/joshua-davis,image_folder/joshua-davis.png
Front-end Development,Cyril Tsiboulski,Partner at Cloudred,https://harbour.space/faculty/Cyril-Tsiboulski,image_folder/Cyril-Tsiboulski.png
Front-end Development,Willy Wong,Freelance Creative Consultant,https://harbour.space/faculty/Willy-Wong,image_folder/Willy-Wong.png
Front-end Development,Gerard Pijoan,Head of Product Design at 14 Agency,https://harbour.space/faculty/gerard-pijoan,image_folder/gerard-pijoan.png
Front-end Development,Daniel Scheibel,Technical Director / Co-Founder at Red Paper Heart,https://harbour.space/faculty/Daniel-Scheibel,image_folder/Daniel-Scheibel.png
Front-end Development,Egor Nelubin,Freelance UI Designer / Co-founder at Two Studio,https://harbour.space/faculty/egor-nelyubin,image_folder/egor-nelyubin.png
Front-end Development,Irene Pereyra,Co-Founder of Anton & Irene,https://harbour.space/faculty/irene-pereyra,image_folder/irene-pereyra.png
Front-end Development,Diego Marini,Co-Founder & Creative Director at YummyColours,https://harbour.space/faculty/Diego-Marini,image_folder/Diego-Marini.png
Front-end Development,Brent Austin,Freelance Designer & Animator,https://harbour.space/faculty/Brent-Austin,image_folder/Brent-Austin.png
Front-end Development,Po-Chen Chia,Freelance motion director and animator,https://harbour.space/faculty/po-chen-chia,image_folder/po-chen-chia.png
Front-end Development,Daniel Savage,Independent Designer and Director,https://harbour.space/faculty/daniel-savage,image_folder/daniel-savage.png
Front-end Development,Hjörtur Hilmarsson,"Co-Founder, Creative Developer and CEO at 14islands",https://harbour.space/faculty/Hj-rtur-Hilmarsson,image_folder/Hj-rtur-Hilmarsson.png
Front-end Development,Ricardo Mendieta,"Head of Digital, Harbour.Space",https://harbour.space/faculty/ricardo-mendieta,image_folder/ricardo-mendieta.png
Front-end Development,Jaclyn McKay,"Senior Designer, Riftweaver",https://harbour.space/faculty/Jaclyn-McKay,image_folder/Jaclyn-McKay.png
Front-end Development,Matteo Loglio,Founder at Oio.studio,https://harbour.space/faculty/Matteo-Loglio,image_folder/Matteo-Loglio.png
Front-end Development,Tien Nguyen,Design Director at rice Studios,https://harbour.space/faculty/tien-nguyen,image_folder/tien-nguyen.png
Front-end Development,Laura Alejo,Freelance Art Director and Illustrator,https://harbour.space/faculty/Laura-Alejo,image_folder/Laura-Alejo.png
Front-end Development,Carlos Mota,Senior Android Engineer at Adidas,https://harbour.space/faculty/carlos-mota,image_folder/carlos-mota.png
Front-end Development,Nicolò Carpignoli,Senior Software Engineer at Chora Media,https://harbour.space/faculty/nicolo-carpignoli,image_folder/nicolo-carpignoli.png
Front-end Development,Nico Deblauwe,Product Director at Typeform,https://harbour.space/faculty/Nico-Deblauwe,image_folder/Nico-Deblauwe.png
Front-end Development,Pablo Deeleman,Senior Solutions Engineer at Unity Technologies,https://harbour.space/faculty/pablo-deeleman,image_folder/pablo-deeleman.png
Front-end Development,Ægir Thorsteinsson,Co-Founder & CTO at 14islands,https://harbour.space/faculty/aegir-thorsteinsson,image_folder/aegir-thorsteinsson.png
Front-end Development,Eirikur Nilsson,CTO at 14islands,https://harbour.space/faculty/eirikur-nilsson,image_folder/eirikur-nilsson.png
Front-end Development,Snaer Thoroddsson,CTO at 14islands,https://harbour.space/faculty/snaer-thoroddsson,image_folder/snaer-thoroddsson.png
Front-end Development,Pála Ögn Stefánsdóttir,CTO at 14islands,https://harbour.space/faculty/pala-ogn-stefansdottir,image_folder/pala-ogn-stefansdottir.png
Front-end Development,Ivan Yamshchikov,Professor of AI at Technical University of Applied Sciences Würzburg-Schweinfurt,https://harbour.space/faculty/ivan-yamshchikov,image_folder/ivan-yamshchikov.png
Data Science,Evgeniya Korneva,Head of Data Science at Harbour.Space,https://harbour.space/faculty/evgeniya-korneva,image_folder/evgeniya-korneva.png
Data Science,Alexey Dral,Head of Data and Research Computing at Skoltech,https://harbour.space/faculty/alexey-dral,image_folder/alexey-dral.png
Data Science,Emeli Dral,Co-Founder and CTO at Evidently AI,https://harbour.space/faculty/emeli-dral,image_folder/emeli-dral.png
Data Science,Evgeniy Riabenko,Senior Software Engineer at Google,https://harbour.space/faculty/evgeniy-riabenko,image_folder/evgeniy-riabenko.png
Data Science,Ivan Yamshchikov,Professor of AI at Technical University of Applied Sciences Würzburg-Schweinfurt,https://harbour.space/faculty/ivan-yamshchikov,image_folder/ivan-yamshchikov.png
Data Science,Sergey Nikolenko,Chief Research Officer at POMPEU FABRA UNIVERSITY,https://harbour.space/faculty/sergey-nikolenko,image_folder/sergey-nikolenko.png
Data Science,Radoslav Neychev,Co-Founder and CTO at Gero.ai,https://harbour.space/faculty/radoslav-neychev,image_folder/radoslav-neychev.png
Data Science,Alexandra Sumarokova,Senior Software Engineer at Google,https://harbour.space/faculty/alexandra-sumarokova,image_folder/alexandra-sumarokova.png
Data Science,Andrei Nartsev,Senior Software Engineer at Google,https://harbour.space/faculty/andrei-nartsev,image_folder/andrei-nartsev.png
Data Science,Murtadha Al-Tameemi,Senior Software Engineer at Google,https://harbour.space/faculty/murtadha-al-tameemi,image_folder/murtadha-al-tameemi.png
Data Science,Alexey Davydov,Senior Software Engineer at Google,https://harbour.space/faculty/alexey-davydov,image_folder/alexey-davydov.png
Data Science,Timo Koski,Professor at KTH Royal Institute of Technology,https://harbour.space/faculty/timo-koski,image_folder/timo-koski.png
Data Science,Nikolay Karpachev,Senior Software Engineer at Google,https://harbour.space/faculty/nikolay-karpachev,image_folder/nikolay-karpachev.png
Data Science,Ivan Provilkov,Senior Software Engineer at Google,https://harbour.space/faculty/ivan-provilkov,image_folder/ivan-provilkov.png
Data Science,Maxim Musin,Senior Software Engineer at Google,https://harbour.space/faculty/maxim-musin,image_folder/maxim-musin.png
Data Science,Andrey Khokhlov,Senior Software Engineer at Google,https://harbour.space/faculty/andrey-khokhlov,image_folder/andrey-khokhlov.png
Data Science,Anastasia Lubennikova,Senior Software Engineer at Google,https://harbour.space/faculty/anastasia-lubennikova,image_folder/anastasia-lubennikova.png
Data Science,Sasha Shapoval,Senior Software Engineer at Google,https://harbour.space/faculty/sasha-shapoval,image_folder/sasha-shapoval.png
Data Science,Igor Golov,Senior Software Engineer at Google,https://harbour.space/faculty/igor-golov,image_folder/igor-golov.png
Data Science,Juan Galeano,Senior Software Engineer at Google,https://harbour.space/faculty/juan-galeano,image_folder/juan-galeano.png
Data Science,Evgenii Nazarov,Senior Software Engineer at Google,https://harbour.space/faculty/evgenii-nazarov,image_folder/evgenii-nazarov.png
Data Science,Leah Isakov,Senior Software Engineer at Google,https://harbour.space/faculty/leah-isakov,image_folder/leah-isakov.png
Data Science,Mikhail Anukhin,Senior Software Engineer at Google,https://harbour.space/faculty/mikhail-anukhin,image_folder/mikhail-anukhin.png
Data Science,Julia Ivanova,Senior Software Engineer at Google,https://harbour.space/faculty/julia-ivanova,image_folder/julia-ivanova.png
Data Science,Iurii Efimov,Senior Software Engineer at Google,https://harbour.space/faculty/iurii-efimov,image_folder/iurii-efimov.png
Data Science,Polina Proskura,Senior Software Engineer at Google,https://harbour.space/faculty/polina-proskura,image_folder/polina-proskura.png
Data Science,Oleg Ivchenko,Senior Software Engineer at Google,https://harbour.space/faculty/oleg-ivchenko,image_folder/oleg-ivchenko.png
Data Science,Valery Marchenkov,Senior Software Engineer at Google,https://harbour.space/faculty/valery-marchenkov,image_folder/valery-marchenkov.png
Data Science,Vladislav Goncharenko,Senior Software Engineer at Google,https://harbour.space/faculty/vladislav-goncharenko,image_folder/vladislav-goncharenko.png
Data Science,Anastasia Ianina,Senior Software Engineer at Google,https://harbour.space/faculty/anastasia-ianina,image_folder/anastasia-ianina.png
Data Science,Yevgeniy Ilyin,Senior Software Engineer at Google,https://harbour.space/faculty/yevgeniy-ilyin,image_folder/yevgeniy-ilyin.png
Data Science,Nikita Fedkin,Senior Software Engineer at Google,https://harbour.space/faculty/nikita-fedkin,image_folder/nikita-fedkin.png
Data Science,Michael Diskin,Senior Software Engineer at Google,https://harbour.space/faculty/michael-diskin,image_folder/michael-diskin.png
Data Science,Irina Rudenko,Senior Software Engineer at Google,https://harbour.space/faculty/irina-rudenko,image_folder/irina-rudenko.png
Data Science,Ana Milovanovic,Senior Software Engineer at Google,https://harbour.space/faculty/ana-milovanovic,image_folder/ana-milovanovic.png
Data Science,Anna Aksenova,Senior Software Engineer at Google,https://harbour.space/faculty/anna-aksenova,image_folder/anna-aksenova.png
Data Science,Pavel Marvin,Software Engineer at Google,https://harbour.space/faculty/pavel-marvin,image_folder/pavel-marvin.png
Data Science,Alexander Guschin,Senior Software Engineer at Google,https://harbour.space/faculty/alexander-guschin,image_folder/alexander-guschin.png
Data Science,Mikhail Rozhkov,Senior Software Engineer at Google,https://harbour.space/faculty/mikhail-rozhkov,image_folder/mikhail-rozhkov.png
Data Science,Aleksei Shabanov,Senior Software Engineer at Google,https://harbour.space/faculty/aleksei-shabanov,image_folder/aleksei-shabanov.png
Data Science,Alina Samokhina,Senior Software Engineer at Google,https://harbour.space/faculty/alina-samokhina,image_folder/alina-samokhina.png
Data Science,Parit (Wit) Sripakdeevong,CTO at Siam Piwat,https://harbour.space/faculty/parit-wit-sripakdeevong,image_folder/parit-wit-sripakdeevong.png
Data Science,Nataliia Kozlovskaia,Senior Software Engineer at Google,https://harbour.space/faculty/nataliia-kozlovskaia,image_folder/nataliia-kozlovskaia.png
Data Science,Ilia Sklonin,Senior Software Engineer at Google,https://harbour.space/faculty/ilia-sklonin,image_folder/ilia-sklonin.png
Data Science,Mohammad Sanaee,Senior Software Engineer at Google,https://harbour.space/faculty/mohammad-sanaee,image_folder/mohammad-sanaee.png
Data Science,Sergey Khoroshenkikh,Senior Software Engineer at Google,https://harbour.space/faculty/sergey-khoroshenkikh,image_folder/sergey-khoroshenkikh.png
Data Science,Anna Rudenko,Senior Software Engineer at Google,https://harbour.space/faculty/anna-rudenko,image_folder/anna-rudenko.png
Data Science,Alena Sludnova,"Data analyst, Yango",https://harbour.space/faculty/Alena-Sludnova,image_folder/Alena-Sludnova.png
Data Science,Kseniia Baidina,Analytics Team Lead at Yango,https://harbour.space/faculty/Kseniia-Baidina,image_folder/Kseniia-Baidina.png
Data Science,Alexander Kiverin,CTO at Gazprom Neft ex-CTO at Ak Bars Digital (Ak Bars Bank),https://harbour.space/faculty/Alexander-Kiverin,image_folder/Alexander-Kiverin.png
Cyber Security,Stanislav Protasov,"Senior Vice President, Head of R&D at Acronis",https://harbour.space/faculty/stanislav-protasov,image_folder/stanislav-protasov.png
Cyber Security,Nikita Tarakanov,Security Researcher at Positive Technologies,https://harbour.space/faculty/nikita-tarakanov,image_folder/nikita-tarakanov.png
Cyber Security,Vasilii Artemev,Senior Software Engineer at Google,https://harbour.space/faculty/vasilii-artemev,image_folder/vasilii-artemev.png
Cyber Security,Yaroslav Rabovolyuk,Security Researcher at Kaspersky Lab,https://harbour.space/faculty/yaroslav-rabovolyuk,image_folder/yaroslav-rabovolyuk.png
Cyber Security,Ilya Glotov,Security Researcher at Kaspersky Lab,https://harbour.space/faculty/ilya-glotov,image_folder/ilya-glotov.png
Cyber Security,Vladimir Dashchenko,Security Researcher at Kaspersky Lab,https://harbour.space/faculty/vladimir-dashchenko,image_folder/vladimir-dashchenko.png
Cyber Security,Konstantin Yegupov,Security Researcher at Kaspersky Lab,https://harbour.space/faculty/konstantin-yegupov,image_folder/konstantin-yegupov.png
Cyber Security,Nikita Vdovushkin,Security Researcher at Kaspersky Lab,https://harbour.space/faculty/nikita-vdovushkin,image_folder/nikita-vdovushkin.png
Cyber Security,Igor Motroni,Security Researcher at Kaspersky Lab,https://harbour.space/faculty/igor-motroni,image_folder/igor-motroni.png
Cyber Security,Aleksandr Timorin,Security Researcher at Kaspersky Lab,https://harbour.space/faculty/aleksandr-timorin,image_folder/aleksandr-timorin.png
Cyber Security,Vadim Khrykov,Security Researcher at Kaspersky Lab,https://harbour.space/faculty/vadim-khrykov,image_folder/vadim-khrykov.png
Cyber Security,Victor Chebyshev,Security Researcher at Kaspersky Lab,https://harbour.space/faculty/victor-chebyshev,image_folder/victor-chebyshev.png
Cyber Security,Boris Larin,Security Researcher at Kaspersky Lab,https://harbour.space/faculty/boris-larin,image_folder/boris-larin.png
Cyber Security,Sergey Soldatov,Security Researcher at Kaspersky Lab,https://harbour.space/faculty/sergey-soldatov,image_folder/sergey-soldatov.png
Cyber Security,Teymur Kheirkhabarov,Security Researcher at Kaspersky Lab,https://harbour.space/faculty/teymur-kheirkhabarov,image_folder/teymur-kheirkhabarov.png
Cyber Security,Vladislav Stolyarov,Security Researcher at Kaspersky Lab,https://harbour.space/faculty/vladislav-stolyarov,image_folder/vladislav-stolyarov.png
Cyber Security,Ayman Shaaban,Security Researcher at Kaspersky Lab,https://harbour.space/faculty/ayman-shaaban,image_folder/ayman-shaaban.png
Cyber Security,Konstantin Sapronov,Security Researcher at Kaspersky Lab,https://harbour.space/faculty/konstantin-sapronov,image_folder/konstantin-sapronov.png
Cyber Security,Dmitry Sklyarov,Security Researcher at Kaspersky Lab,https://harbour.space/faculty/dmitry-sklyarov,image_folder/dmitry-sklyarov.png
Cyber Security,Dasha Diaz,Security Researcher at Kaspersky Lab,https://harbour.space/faculty/dasha-diaz,image_folder/dasha-diaz.png
Cyber Security,Michael Markevich,Security Researcher at Kaspersky Lab,https://harbour.space/faculty/michael-markevich,image_folder/michael-markevich.png
Cyber Security,Arnau Gàmez i Montolio,Security Researcher at Kaspersky Lab,https://harbour.space/faculty/arnau-gamez-i-montolio,image_folder/arnau-gamez-i-montolio.png
Cyber Security,Alexey Kuznetsov,Security Researcher at Kaspersky Lab,https://harbour.space/faculty/alexey-kuznetsov,image_folder/alexey-kuznetsov.png
Cyber Security,Vladislav Lazarev,Security Researcher at Kaspersky Lab,https://harbour.space/faculty/vladislav-lazarev,image_folder/vladislav-lazarev.png
Cyber Security,Sergey Gordeychik,Security Researcher at Kaspersky Lab,https://harbour.space/faculty/sergey-gordeychik,image_folder/sergey-gordeychik.png
Cyber Security,Leo Breitenberger,Security Researcher at Kaspersky Lab,https://harbour.space/faculty/leo-breitenberger,image_folder/leo-breitenberger.png
Cyber Security,Anastasia Polyakova,Security Researcher at Kaspersky Lab,https://harbour.space/faculty/anastasia-polyakova,image_folder/anastasia-polyakova.png
Cyber Security,Anton Kalinin,Security Researcher at Kaspersky Lab,https://harbour.space/faculty/anton-kalinin,image_folder/anton-kalinin.png
Cyber Security,Evgeny Alexeev,Security Researcher at Kaspersky Lab,https://harbour.space/faculty/evgeny-alexeev,image_folder/evgeny-alexeev.png
Cyber Security,Ekaterina Smyshliaeva,Security Researcher at Kaspersky Lab,https://harbour.space/faculty/ekaterina-smyshliaeva,image_folder/ekaterina-smyshliaeva.png
Cyber Security,Kseniia Leonteva,Security Researcher at Kaspersky Lab,https://harbour.space/faculty/kseniia-leonteva,image_folder/kseniia-leonteva.png
Cyber Security,Innokentiy Sennovskiy,Security Researcher at Kaspersky Lab,https://harbour.space/faculty/innokentiy-sennovskiy,image_folder/innokentiy-sennovskiy.png
Cyber Security,Igor Sakhankov,Security Researcher at Kaspersky Lab,https://harbour.space/faculty/igor-sakhankov,image_folder/igor-sakhankov.png
Cyber Security,Greg Beatty,Cyber Law & Compliance Lead,https://harbour.space/faculty/Greg-Beatty,image_folder/Greg-Beatty.png
Digital Marketing,Andy Crestodina,Co-founder and Chief Marketing Officer at Orbit Media Studios,https://harbour.space/faculty/andy-crestodina,image_folder/andy-crestodina.png
Digital Marketing,Alex Nechoroskovas,Founder&CEO at Revenue Atoms,https://harbour.space/faculty/Alex-Nechoroskovas,image_folder/Alex-Nechoroskovas.png
Digital Marketing,Alejandro Rigatuso,"Growth Marketing Specialist, Director of SEO at Toptal",https://harbour.space/faculty/alejandro-rigatuso,image_folder/alejandro-rigatuso.png
Digital Marketing,Charles Farina,Director of Analytics at Analytics Pros,https://harbour.space/faculty/charles-farina,image_folder/charles-farina.png
Digital Marketing,Yulia Chupina,SEO Expert at SEMrush,https://harbour.space/faculty/yulia-chupina,image_folder/yulia-chupina.png
Digital Marketing,Olaf Knijn,Founder at The Growth Agency,https://harbour.space/faculty/olaf-knijn,image_folder/olaf-knijn.png
Digital Marketing,Nicholas Sharaf,Group Product Manager at Smartly.io,https://harbour.space/faculty/Nicholas-Sharaf,image_folder/Nicholas-Sharaf.png
Digital Marketing,Diego Marini,Co-Founder & Creative Director at YummyColours,https://harbour.space/faculty/Diego-Marini,image_folder/Diego-Marini.png
Digital Marketing,Adrianne Aiko Thompson,Professor of World Languages at Miami Dade College  thompson,https://harbour.space/faculty/adrianne-aiko,image_folder/adrianne-aiko.png
Digital Marketing,Cyril Tsiboulski,Partner at Cloudred,https://harbour.space/faculty/Cyril-Tsiboulski,image_folder/Cyril-Tsiboulski.png
Digital Marketing,Anil Ravindrakumar,Growth Lead at FREE NOW,https://harbour.space/faculty/Anil-Ravindrakumar,image_folder/Anil-Ravindrakumar.png
Digital Marketing,Tarmo Virki,"Editor, Entrepreneur",https://harbour.space/faculty/Tarmo-Virki,image_folder/Tarmo-Virki.png
Digital Marketing,Susan Akbarpour,Managing partner at Candou Ventures,https://harbour.space/faculty/Susan-Akbarpour,image_folder/Susan-Akbarpour.png
Digital Marketing,Barry White,Growth Hacking and Mobile Startup Specialist,https://harbour.space/faculty/Barry-White,image_folder/Barry-White.png
Digital Marketing,Kenda Macdonald,Founder & CEO at Automation Ninjas,https://harbour.space/faculty/kenda-macdonald,image_folder/kenda-macdonald.png
Digital Marketing,Gary van Broekhoven,Founder at The Growth Agency,https://harbour.space/faculty/gary-van-broekhoven,image_folder/gary-van-broekhoven.png
Digital Marketing,Jenna Tiffany,Founder & Strategy Director at Let'sTalk Strategy,https://harbour.space/faculty/jenna-tiffany,image_folder/jenna-tiffany.png
Digital Marketing,Bryce York,Founder at Cycle,https://harbour.space/faculty/bryce-york,image_folder/bryce-york.png
Digital Marketing,Eric Nobileau,Founder at The Growth Agency,https://harbour.space/faculty/eric-nobileau,image_folder/eric-nobileau.png
Digital Marketing,Daniel Kozlov,"Co-Founder and CCO at Innovera.ai, Startup and Corporate Innovation Expert, Educator",https://harbour.space/faculty/Daniel-Kozlov,image_folder/Daniel-Kozlov.png
Digital Marketing,Patricia Galea,Founder at The Growth Agency,https://harbour.space/faculty/patricia-galea,image_folder/patricia-galea.png
Digital Marketing,Katya de Freedericksz,Entrepreneur & Growth Marketing Advisor,https://harbour.space/faculty/katya-sivkova,image_folder/katya-sivkova.png
Digital Marketing,Brie E Anderson,Owner at BEAST Analytics,https://harbour.space/faculty/Briana-Anderson,image_folder/Briana-Anderson.png
Fintech,Ignacio Mas,"Outside Director at Gojo & Company, Japan",https://harbour.space/faculty/Ignacio-Mas,image_folder/Ignacio-Mas.png
Fintech,Abdullah Al-Shaksy,Co-Founder & CEO at Phaze Ventures,https://harbour.space/faculty/Abdullah-Al-Shaksy,image_folder/Abdullah-Al-Shaksy.png
Fintech,Vladislav Poshmorga,Chief Investment Officer at SDVentures,https://harbour.space/faculty/Vladislav-Poshmorga,image_folder/Vladislav-Poshmorga.png
Fintech,Pierre-Pascal Urbon,Chairman INSTAGRID / Board Member VAMO,https://harbour.space/faculty/Pierre-Pascal-Urbon,image_folder/Pierre-Pascal-Urbon.png
Fintech,Susan Akbarpour,Managing partner at Candou Ventures,https://harbour.space/faculty/Susan-Akbarpour,image_folder/Susan-Akbarpour.png
Fintech,Igor Ryabenkiy,Founder and General Partner at AltaIR Capital,https://harbour.space/faculty/Igor-Ryabenkiy,image_folder/Igor-Ryabenkiy.png
Fintech,Christopher Fabian,Co-lead UNICEF's Innovation Unit,https://harbour.space/faculty/christopher-fabian,image_folder/christopher-fabian.png
Fintech,Kathy Zhao,"Head of Product (Former Amazon, Tencent, Mastercard); Startup operator and advisor",https://harbour.space/faculty/kathy-zhao,image_folder/kathy-zhao.png
Fintech,Breck Hancock,Chief Legal & Operating Officer at DST Global,https://harbour.space/faculty/breck-hancock,image_folder/breck-hancock.png
Fintech,Alexander Pustovit,"Managing Partner @ Honey Badgers, Head Coach @ Global Innovation Catalyst",https://harbour.space/faculty/Alexander-Pustovit,image_folder/Alexander-Pustovit.png
Fintech,Greg Beatty,Cyber Law & Compliance Lead,https://harbour.space/faculty/Greg-Beatty,image_folder/Greg-Beatty.png
Fintech,Si Thu Maung,"Head of Product, Wave Money",https://harbour.space/faculty/Si-Thu-Maung,image_folder/Si-Thu-Maung.png
Digital Transformation,Artem Asanov,Global Head of B2B at Yango,https://harbour.space/faculty/Artem-Asanov,image_folder/Artem-Asanov.png
Digital Transformation,Catherine Schoendorff,Partner and co-curator of The Value Department. Former CEO Mercer Switzerland.,https://harbour.space/faculty/Catherine-Schoendorff,image_folder/Catherine-Schoendorff.png
Digital Transformation,Kamran Elahian,Founder and Chairman at Global Innovation Catalyst,https://harbour.space/faculty/kamran-elahian,image_folder/kamran-elahian.png
Digital Transformation,Gary van Broekhoven,Founder at The Growth Agency,https://harbour.space/faculty/gary-van-broekhoven,image_folder/gary-van-broekhoven.png
Digital Transformation,Erno Berger,Head of Product at BestSecret Group,https://harbour.space/faculty/Erno-Berger,image_folder/Erno-Berger.png
Digital Transformation,Lisa Cooney,Agile Coach at Edward Jones,https://harbour.space/faculty/Lisa-Cooney,image_folder/Lisa-Cooney.png
Digital Transformation,Stephanie Schwab,CEO at Crackerjack Marketing,https://harbour.space/faculty/stephanie-schwab,image_folder/stephanie-schwab.png
Digital Transformation,Kasey Klimes,Founder & Principal Design Researcher at Rhizome R&D,https://harbour.space/faculty/Kasey-Klimes,image_folder/Kasey-Klimes.png
Digital Transformation,Rio Fukaya,Strategic Advisor in technology and sports,https://harbour.space/faculty/Rio-Fukaya,image_folder/Rio-Fukaya.png
Digital Transformation,Irene Pereyra,Co-Founder of Anton & Irene,https://harbour.space/faculty/irene-pereyra,image_folder/irene-pereyra.png
Digital Transformation,Kseniia Baidina,Analytics Team Lead at Yango,https://harbour.space/faculty/Kseniia-Baidina,image_folder/Kseniia-Baidina.png
Digital Transformation,Ian Collingwood,Principal at UXdna,https://harbour.space/faculty/Ian-Collingwood,image_folder/Ian-Collingwood.png
Digital Transformation,Anton Repponen,Co-Founder of Anton & Irene,https://harbour.space/faculty/anton-repponen,image_folder/anton-repponen.png
Digital Transformation,Eric Nobileau,Founder at The Growth Agency,https://harbour.space/faculty/eric-nobileau,image_folder/eric-nobileau.png
Digital Transformation,Kenda Macdonald,Founder & CEO at Automation Ninjas,https://harbour.space/faculty/kenda-macdonald,image_folder/kenda-macdonald.png
Digital Transformation,Olaf Knijn,Founder at The Growth Agency,https://harbour.space/faculty/olaf-knijn,image_folder/olaf-knijn.png
Digital Transformation,Nicholas Sharaf,Group Product Manager at Smartly.io,https://harbour.space/faculty/Nicholas-Sharaf,image_folder/Nicholas-Sharaf.png
Digital Transformation,Diego Marini,Co-Founder & Creative Director at YummyColours,https://harbour.space/faculty/Diego-Marini,image_folder/Diego-Marini.png
Digital Transformation,Adrianne Aiko Thompson,Professor of World Languages at Miami Dade College  thompson,https://harbour.space/faculty/adrianne-aiko,image_folder/adrianne-aiko.png
Digital Transformation,Cyril Tsiboulski,Partner at Cloudred,https://harbour.space/faculty/Cyril-Tsiboulski,image_folder/Cyril-Tsiboulski.png
Digital Transformation,Anil Ravindrakumar,Growth Lead at FREE NOW,https://harbour.space/faculty/Anil-Ravindrakumar,image_folder/Anil-Ravindrakumar.png
Digital Transformation,Tarmo Virki,"Editor, Entrepreneur",https://harbour.space/faculty/Tarmo-Virki,image_folder/Tarmo-Virki.png
Digital Transformation,Susan Akbarpour,Managing partner at Candou Ventures,https://harbour.space/faculty/Susan-Akbarpour,image_folder/Susan-Akbarpour.png
Digital Transformation,Barry White,Growth Hacking and Mobile Startup Specialist,https://harbour.space/faculty/Barry-White,image_folder/Barry-White.png
International Business,Ingo Beyer von Morgenstern,"Emeritus Head of European and Asian High-Tech, Telecom and Media Practice, McKinsey & Co.",https://harbour.space/faculty/ingo-beyer-von-morgenstern,image_folder/ingo-beyer-von-morgenstern.png
International Business,Kamran Elahian,Founder and Chairman at Global Innovation Catalyst,https://harbour.space/faculty/kamran-elahian,image_folder/kamran-elahian.png
International Business,Stephanie Schwab,CEO at Crackerjack Marketing,https://harbour.space/faculty/stephanie-schwab,image_folder/stephanie-schwab.png
International Business,Amarit Charoenphan,Managing Partner at Aim Ventures,https://harbour.space/faculty/Amarit-Charoenphan,image_folder/Amarit-Charoenphan.png
International Business,Abdullah Al-Shaksy,Co-Founder & CEO at Phaze Ventures,https://harbour.space/faculty/Abdullah-Al-Shaksy,image_folder/Abdullah-Al-Shaksy.png
International Business,Catherine Schoendorff,Partner and co-curator of The Value Department. Former CEO Mercer Switzerland.,https://harbour.space/faculty/Catherine-Schoendorff,image_folder/Catherine-Schoendorff.png
International Business,Aline Badr,"Global Executive Coach, PCC, CPCC CEO Reputation Advisor",https://harbour.space/faculty/Aline-Badr,image_folder/Aline-Badr.png
International Business,Prim Jitcharoongphorn,"Chairman of the Executive Board at Allied Metals (Thailand) Co., Ltd.",https://harbour.space/faculty/Prim-Jitcharoongphorn,image_folder/Prim-Jitcharoongphorn.png
International Business,Jason Minkee Kim,Head of Corporate Development at ProtoPie,https://harbour.space/faculty/Jason-Minkee-Kim,image_folder/Jason-Minkee-Kim.png
International Business,Lisa Cooney,Agile Coach at Edward Jones,https://harbour.space/faculty/Lisa-Cooney,image_folder/Lisa-Cooney.png
International Business,Aleksandr Simukovic,"Senior Product Manager, Adjust",https://harbour.space/faculty/Aleksandr-Simukovic,image_folder/Aleksandr-Simukovic.png
International Business,Anil Ravindrakumar,Growth Lead at FREE NOW,https://harbour.space/faculty/Anil-Ravindrakumar,image_folder/Anil-Ravindrakumar.png
International Business,Andy Crestodina,Co-founder and Chief Marketing Officer at Orbit Media Studios,https://harbour.space/faculty/andy-crestodina,image_folder/andy-crestodina.png
International Business,Olaf Knijn,Founder at The Growth Agency,https://harbour.space/faculty/olaf-knijn,image_folder/olaf-knijn.png
International Business,Kenda Macdonald,Founder & CEO at Automation Ninjas,https://harbour.space/faculty/kenda-macdonald,image_folder/kenda-macdonald.png
International Business,Gary van Broekhoven,Founder at The Growth Agency,https://harbour.space/faculty/gary-van-broekhoven,image_folder/gary-van-broekhoven.png
International Business,Choedpong Khannabha,Managing Director at Frontier Innovation,https://harbour.space/faculty/Choendpong-Khannabha,image_folder/Choendpong-Khannabha.png
International Business,Ignacio Mas,"Outside Director at Gojo & Company, Japan",https://harbour.space/faculty/Ignacio-Mas,image_folder/Ignacio-Mas.png
International Business,Greg Beatty,Cyber Law & Compliance Lead,https://harbour.space/faculty/Greg-Beatty,image_folder/Greg-Beatty.png
International Business,Eric Nobileau,Founder at The Growth Agency,https://harbour.space/faculty/eric-nobileau,image_folder/eric-nobileau.png
International Business,Jenna Tiffany,Founder & Strategy Director at Let'sTalk Strategy,https://harbour.space/faculty/jenna-tiffany,image_folder/jenna-tiffany.png
International Business,Kathy Zhao,"Head of Product (Former Amazon, Tencent, Mastercard); Startup operator and advisor",https://harbour.space/faculty/kathy-zhao,image_folder/kathy-zhao.png
International Business,Bryce York,Founder at Cycle,https://harbour.space/faculty/bryce-york,image_folder/bryce-york.png
International Business,Daniel Kozlov,"Co-Founder and CCO at Innovera.ai, Startup and Corporate Innovation Expert, Educator",https://harbour.space/faculty/Daniel-Kozlov,image_folder/Daniel-Kozlov.png
International Business,Patricia Galea,Founder at The Growth Agency,https://harbour.space/faculty/patricia-galea,image_folder/patricia-galea.png
International Business,Si Thu Maung,"Head of Product, Wave Money",https://harbour.space/faculty/Si-Thu-Maung,image_folder/Si-Thu-Maung.png
Applied Data and Computer Science,Nico Deblauwe,Product Director at Typeform,https://harbour.space/faculty/Nico-Deblauwe,image_folder/Nico-Deblauwe.png
Applied Data and Computer Science,Radoslav Neychev,Co-Founder and CTO at Gero.ai,https://harbour.space/faculty/radoslav-neychev,image_folder/radoslav-neychev.png
Applied Data and Computer Science,Serhii Denysov,Senior Software Engineer at Google,https://harbour.space/faculty/serhii-denysov,image_folder/serhii-denysov.png
Applied Data and Computer Science,Hjörtur Hilmarsson,"Co-Founder, Creative Developer and CEO at 14islands",https://harbour.space/faculty/Hj-rtur-Hilmarsson,image_folder/Hj-rtur-Hilmarsson.png
Applied Data and Computer Science,Alexander Kiverin,CTO at Gazprom Neft ex-CTO at Ak Bars Digital (Ak Bars Bank),https://harbour.space/faculty/Alexander-Kiverin,image_folder/Alexander-Kiverin.png
Applied Data and Computer Science,Andrey Khokhlov,Senior Software Engineer at Google,https://harbour.space/faculty/andrey-khokhlov,image_folder/andrey-khokhlov.png
Applied Data and Computer Science,Evgeniy Riabenko,Senior Software Engineer at Google,https://harbour.space/faculty/evgeniy-riabenko,image_folder/evgeniy-riabenko.png
Applied Data and Computer Science,Emeli Dral,Co-Founder and CTO at Evidently AI,https://harbour.space/faculty/emeli-dral,image_folder/emeli-dral.png
Applied Data and Computer Science,Carlos Mota,Senior Android Engineer at Adidas,https://harbour.space/faculty/carlos-mota,image_folder/carlos-mota.png
Applied Data and Computer Science,Igor Sakhankov,Security Researcher at Kaspersky Lab,https://harbour.space/faculty/igor-sakhankov,image_folder/igor-sakhankov.png
Applied Data and Computer Science,Nikolay Golov,Senior Software Engineer at Google,https://harbour.space/faculty/nikolay-golov,image_folder/nikolay-golov.png
Applied Data and Computer Science,Maksym Prokopov,Software Engineer at Google,https://harbour.space/faculty/maksym-prokopov,image_folder/maksym-prokopov.png
Applied Data and Computer Science,Ægir Thorsteinsson,Co-Founder & CTO at 14islands,https://harbour.space/faculty/aegir-thorsteinsson,image_folder/aegir-thorsteinsson.png
Applied Data and Computer Science,Eirikur Nilsson,CTO at 14islands,https://harbour.space/faculty/eirikur-nilsson,image_folder/eirikur-nilsson.png
Applied Data and Computer Science,Snaer Thoroddsson,CTO at 14islands,https://harbour.space/faculty/snaer-thoroddsson,image_folder/snaer-thoroddsson.png
Applied Data and Computer Science,Pála Ögn Stefánsdóttir,CTO at 14islands,https://harbour.space/faculty/pala-ogn-stefansdottir,image_folder/pala-ogn-stefansdottir.png
Applied Data and Computer Science,Pablo Deeleman,Senior Solutions Engineer at Unity Technologies,https://harbour.space/faculty/pablo-deeleman,image_folder/pablo-deeleman.png
Applied Data and Computer Science,Ivan Yamshchikov,Professor of AI at Technical University of Applied Sciences Würzburg-Schweinfurt,https://harbour.space/faculty/ivan-yamshchikov,image_folder/ivan-yamshchikov.png
Applied Data and Computer Science,Kamran Elahian,Founder and Chairman at Global Innovation Catalyst,https://harbour.space/faculty/kamran-elahian,image_folder/kamran-elahian.png
Applied Data and Computer Science,Evgeniya Korneva,Head of Data Science at Harbour.Space,https://harbour.space/faculty/evgeniya-korneva,image_folder/evgeniya-korneva.png
Applied Data and Computer Science,Sergey Nikolenko,Chief Research Officer at POMPEU FABRA UNIVERSITY,https://harbour.space/faculty/sergey-nikolenko,image_folder/sergey-nikolenko.png